00ZMZ3EJB1_Myo,minimum_cut_value_left_to_right,0.04806624301887329,-0.06718588262430404,0.2239260787171366,4,,,False
00ZMZ3EJB1_Myo,maximum_flow_value_left_to_right,0.04806624301887329,-0.06718588262430404,0.2239260787171366,4,,,False
00ZMZ3EJB1_Myo,shortest_path_length_left_to_right,-0.011882280074287495,0.04397704225116852,-0.06815790373346635,4,,,False
00ZMZ3EJB1_Myo,minimum_cut_value_left_to_right,0.6416199949422613,0.46906276197222035,0.7607425352229211,4,slope,,False
00ZMZ3EJB1_Myo,maximum_flow_value_left_to_right,0.6416199949422613,0.46906276197222035,0.7607425352229211,4,slope,,False
00ZMZ3EJB1_Myo,shortest_path_length_left_to_right,,,,4,slope,,False
00ZMZ3EJB1_Myo,minimum_cut_value_left_to_right,0.5426740841238378,0.3853135028026308,0.5027766919789469,4,angle,,False
00ZMZ3EJB1_Myo,maximum_flow_value_left_to_right,0.5426740841238378,0.3853135028026308,0.5027766919789469,4,angle,,False
00ZMZ3EJB1_Myo,shortest_path_length_left_to_right,,,,4,angle,,False
00ZMZ3EJB1_Myo,minimum_cut_value_left_to_right,0.6227719803984724,0.46124908146150845,0.7545861915089969,4,v_distance,,False
00ZMZ3EJB1_Myo,maximum_flow_value_left_to_right,0.6227719803984724,0.46124908146150845,0.7545861915089969,4,v_distance,,False
00ZMZ3EJB1_Myo,shortest_path_length_left_to_right,,,,4,v_distance,,False
01A7A67Q3U_Myo,minimum_cut_value_left_to_right,-0.02578825870303412,-0.08001149192027023,0.13646314829361755,4,,,False
01A7A67Q3U_Myo,maximum_flow_value_left_to_right,-0.02578825870303412,-0.08001149192027023,0.13646314829361755,4,,,False
01A7A67Q3U_Myo,shortest_path_length_left_to_right,-0.010019992936348853,-0.013496071324621644,-0.015043147236817982,4,,,False
01A7A67Q3U_Myo,minimum_cut_value_left_to_right,0.39474289193586337,0.37569463728789926,0.4581706787443229,4,slope,,False
01A7A67Q3U_Myo,maximum_flow_value_left_to_right,0.39474289193586337,0.37569463728789926,0.4581706787443229,4,slope,,False
01A7A67Q3U_Myo,shortest_path_length_left_to_right,,,,4,slope,,False
01A7A67Q3U_Myo,minimum_cut_value_left_to_right,0.3580470484835388,0.3762775772544703,0.3864009479938733,4,angle,,False
01A7A67Q3U_Myo,maximum_flow_value_left_to_right,0.3580470484835388,0.3762775772544703,0.3864009479938733,4,angle,,False
01A7A67Q3U_Myo,shortest_path_length_left_to_right,,,,4,angle,,False
01A7A67Q3U_Myo,minimum_cut_value_left_to_right,0.3905127254689471,0.3720976150423047,0.44910978387668177,4,v_distance,,False
01A7A67Q3U_Myo,maximum_flow_value_left_to_right,0.3905127254689471,0.3720976150423047,0.44910978387668177,4,v_distance,,False
01A7A67Q3U_Myo,shortest_path_length_left_to_right,,,,4,v_distance,,False
01GQUPVDQ7_Myo,minimum_cut_value_left_to_right,0.009826289495899785,-0.04284788355490015,0.05222535469333,4,,,False
01GQUPVDQ7_Myo,maximum_flow_value_left_to_right,0.009826289495899785,-0.04284788355490015,0.05222535469333,4,,,False
01GQUPVDQ7_Myo,shortest_path_length_left_to_right,0.0018728564997953039,-0.004641633106383078,0.05917801750884815,4,,,False
01GQUPVDQ7_Myo,minimum_cut_value_left_to_right,0.5753038899466574,0.4656090635680398,0.6595672150944456,4,slope,,False
01GQUPVDQ7_Myo,maximum_flow_value_left_to_right,0.5753038899466574,0.4656090635680398,0.6595672150944456,4,slope,,False
01GQUPVDQ7_Myo,shortest_path_length_left_to_right,,,,4,slope,,False
01GQUPVDQ7_Myo,minimum_cut_value_left_to_right,0.5824377817186209,0.48310147184271596,0.5995508075497251,4,angle,,False
01GQUPVDQ7_Myo,maximum_flow_value_left_to_right,0.5824377817186209,0.48310147184271596,0.5995508075497251,4,angle,,False
01GQUPVDQ7_Myo,shortest_path_length_left_to_right,,,,4,angle,,False
00ZMZ3EJB1_Myo,minimum_cut_value_left_to_right,0.04806624301887329,-0.06718588262430404,0.2239260787171366,4,,,False
00ZMZ3EJB1_Myo,maximum_flow_value_left_to_right,0.04806624301887329,-0.06718588262430404,0.2239260787171366,4,,,False
00ZMZ3EJB1_Myo,shortest_path_length_left_to_right,-0.011882280074287495,0.04397704225116852,-0.06815790373346635,4,,,False
00ZMZ3EJB1_Myo,minimum_cut_value_left_to_right,0.6416199949422613,0.46906276197222035,0.7607425352229211,4,slope,,False
00ZMZ3EJB1_Myo,maximum_flow_value_left_to_right,0.6416199949422613,0.46906276197222035,0.7607425352229211,4,slope,,False
00ZMZ3EJB1_Myo,shortest_path_length_left_to_right,,,,4,slope,,False
00ZMZ3EJB1_Myo,minimum_cut_value_left_to_right,0.5426740841238378,0.3853135028026308,0.5027766919789469,4,angle,,False
00ZMZ3EJB1_Myo,maximum_flow_value_left_to_right,0.5426740841238378,0.3853135028026308,0.5027766919789469,4,angle,,False
00ZMZ3EJB1_Myo,shortest_path_length_left_to_right,,,,4,angle,,False
00ZMZ3EJB1_Myo,minimum_cut_value_left_to_right,0.6227719803984724,0.46124908146150845,0.7545861915089969,4,v_distance,,False
00ZMZ3EJB1_Myo,maximum_flow_value_left_to_right,0.6227719803984724,0.46124908146150845,0.7545861915089969,4,v_distance,,False
00ZMZ3EJB1_Myo,shortest_path_length_left_to_right,,,,4,v_distance,,False
01A7A67Q3U_Myo,minimum_cut_value_left_to_right,-0.02578825870303412,-0.08001149192027023,0.13646314829361755,4,,,False
01A7A67Q3U_Myo,maximum_flow_value_left_to_right,-0.02578825870303412,-0.08001149192027023,0.13646314829361755,4,,,False
01A7A67Q3U_Myo,shortest_path_length_left_to_right,-0.010019992936348853,-0.013496071324621644,-0.015043147236817982,4,,,False
01A7A67Q3U_Myo,minimum_cut_value_left_to_right,0.39474289193586337,0.37569463728789926,0.4581706787443229,4,slope,,False
01A7A67Q3U_Myo,maximum_flow_value_left_to_right,0.39474289193586337,0.37569463728789926,0.4581706787443229,4,slope,,False
01A7A67Q3U_Myo,shortest_path_length_left_to_right,,,,4,slope,,False
01A7A67Q3U_Myo,minimum_cut_value_left_to_right,0.3580470484835388,0.3762775772544703,0.3864009479938733,4,angle,,False
01A7A67Q3U_Myo,maximum_flow_value_left_to_right,0.3580470484835388,0.3762775772544703,0.3864009479938733,4,angle,,False
01A7A67Q3U_Myo,shortest_path_length_left_to_right,,,,4,angle,,False
01A7A67Q3U_Myo,minimum_cut_value_left_to_right,0.3905127254689471,0.3720976150423047,0.44910978387668177,4,v_distance,,False
01A7A67Q3U_Myo,maximum_flow_value_left_to_right,0.3905127254689471,0.3720976150423047,0.44910978387668177,4,v_distance,,False
01A7A67Q3U_Myo,shortest_path_length_left_to_right,,,,4,v_distance,,False
01GQUPVDQ7_Myo,minimum_cut_value_left_to_right,0.009826289495899785,-0.04284788355490015,0.05222535469333,4,,,False
01GQUPVDQ7_Myo,maximum_flow_value_left_to_right,0.009826289495899785,-0.04284788355490015,0.05222535469333,4,,,False
01GQUPVDQ7_Myo,shortest_path_length_left_to_right,0.0018728564997953039,-0.004641633106383078,0.05917801750884815,4,,,False
01GQUPVDQ7_Myo,minimum_cut_value_left_to_right,0.5753038899466574,0.4656090635680398,0.6595672150944456,4,slope,,False
01GQUPVDQ7_Myo,maximum_flow_value_left_to_right,0.5753038899466574,0.4656090635680398,0.6595672150944456,4,slope,,False
01GQUPVDQ7_Myo,shortest_path_length_left_to_right,,,,4,slope,,False
01GQUPVDQ7_Myo,minimum_cut_value_left_to_right,0.5824377817186209,0.48310147184271596,0.5995508075497251,4,angle,,False
01GQUPVDQ7_Myo,maximum_flow_value_left_to_right,0.5824377817186209,0.48310147184271596,0.5995508075497251,4,angle,,False
01GQUPVDQ7_Myo,shortest_path_length_left_to_right,,,,4,angle,,False
01GQUPVDQ7_Myo,minimum_cut_value_left_to_right,0.5181876776282813,0.4428355207248609,0.5745085328396312,4,v_distance,,False
01GQUPVDQ7_Myo,maximum_flow_value_left_to_right,0.5181876776282813,0.4428355207248609,0.5745085328396312,4,v_distance,,False
01GQUPVDQ7_Myo,shortest_path_length_left_to_right,,,,4,v_distance,,False
02IB650NH4_Myo,minimum_cut_value_left_to_right,-0.013179420086558634,-0.07777567408519995,0.1639518209019929,4,,,False
02IB650NH4_Myo,maximum_flow_value_left_to_right,-0.013179420086558634,-0.07777567408519995,0.1639518209019929,4,,,False
02IB650NH4_Myo,shortest_path_length_left_to_right,0.003480325928004843,0.05512032569448546,-0.04108003920653019,4,,,False
02IB650NH4_Myo,minimum_cut_value_left_to_right,0.5938340706667331,0.49789143377008627,0.7481197482856733,4,slope,,False
02IB650NH4_Myo,maximum_flow_value_left_to_right,0.5938340706667331,0.49789143377008627,0.7481197482856733,4,slope,,False
02IB650NH4_Myo,shortest_path_length_left_to_right,,,,4,slope,,False
02IB650NH4_Myo,minimum_cut_value_left_to_right,0.45091327078831,0.3246920146152886,0.5176621579117556,4,angle,,False
02IB650NH4_Myo,maximum_flow_value_left_to_right,0.45091327078831,0.3246920146152886,0.5176621579117556,4,angle,,False
02IB650NH4_Myo,shortest_path_length_left_to_right,,,,4,angle,,False
02IB650NH4_Myo,minimum_cut_value_left_to_right,0.5731351214378952,0.4895238208359529,0.7288494423205502,4,v_distance,,False
02IB650NH4_Myo,maximum_flow_value_left_to_right,0.5731351214378952,0.4895238208359529,0.7288494423205502,4,v_distance,,False
02IB650NH4_Myo,shortest_path_length_left_to_right,,,,4,v_distance,,False
03EEXEX8SQ_-,minimum_cut_value_left_to_right,-0.017181854657712325,-0.016573274700715093,0.03409514538914141,4,,,False
03EEXEX8SQ_-,maximum_flow_value_left_to_right,-0.017181854657712325,-0.016573274700715093,0.03409514538914141,4,,,False
03EEXEX8SQ_-,shortest_path_length_left_to_right,0.006422613688428504,0.01652428877163973,0.02212128803635998,4,,,False
03EEXEX8SQ_-,minimum_cut_value_left_to_right,0.2816009625558451,0.2516123528774493,0.3718021277642922,4,slope,,False
03EEXEX8SQ_-,maximum_flow_value_left_to_right,0.2816009625558451,0.2516123528774493,0.3718021277642922,4,slope,,False
03EEXEX8SQ_-,shortest_path_length_left_to_right,,,,4,slope,,False
03EEXEX8SQ_-,minimum_cut_value_left_to_right,0.1490791285630974,0.13011501848045626,0.1835771127799332,4,angle,,False
03EEXEX8SQ_-,maximum_flow_value_left_to_right,0.1490791285630974,0.13011501848045626,0.1835771127799332,4,angle,,False
03EEXEX8SQ_-,shortest_path_length_left_to_right,,,,4,angle,,False
03EEXEX8SQ_-,minimum_cut_value_left_to_right,0.27628588778998975,0.2491020796431605,0.36619816123633836,4,v_distance,,False
03EEXEX8SQ_-,maximum_flow_value_left_to_right,0.27628588778998975,0.2491020796431605,0.36619816123633836,4,v_distance,,False
03EEXEX8SQ_-,shortest_path_length_left_to_right,,,,4,v_distance,,False
03IP14OENV_Myo,minimum_cut_value_left_to_right,0.005455032918345823,-0.06607916307351655,0.09177952348929863,4,,,False
03IP14OENV_Myo,maximum_flow_value_left_to_right,0.005455032918345823,-0.06607916307351655,0.09177952348929863,4,,,False
03IP14OENV_Myo,shortest_path_length_left_to_right,0.003646014448944812,-0.004055066491041777,0.009582146611266402,4,,,False
03IP14OENV_Myo,minimum_cut_value_left_to_right,0.7005055475750022,0.6878683094910764,0.7172346698591396,4,slope,,False
03IP14OENV_Myo,maximum_flow_value_left_to_right,0.7005055475750022,0.6878683094910764,0.7172346698591396,4,slope,,False
03IP14OENV_Myo,shortest_path_length_left_to_right,,,,4,slope,,False
03IP14OENV_Myo,minimum_cut_value_left_to_right,0.6333692918847157,0.6439126675973031,0.6241273145892378,4,angle,,False
03IP14OENV_Myo,maximum_flow_value_left_to_right,0.6333692918847157,0.6439126675973031,0.6241273145892378,4,angle,,False
03IP14OENV_Myo,shortest_path_length_left_to_right,,,,4,angle,,False
03IP14OENV_Myo,minimum_cut_value_left_to_right,0.6950111931301224,0.6873005465231361,0.7069512075659379,4,v_distance,,False
03IP14OENV_Myo,maximum_flow_value_left_to_right,0.6950111931301224,0.6873005465231361,0.7069512075659379,4,v_distance,,False
03IP14OENV_Myo,shortest_path_length_left_to_right,,,,4,v_distance,,False
045UAAJ5J7_Myo,minimum_cut_value_left_to_right,0.027330882472568242,-0.019272489650546773,0.09413470421636551,4,,,False
045UAAJ5J7_Myo,maximum_flow_value_left_to_right,0.027330882472568242,-0.019272489650546773,0.09413470421636551,4,,,False
045UAAJ5J7_Myo,shortest_path_length_left_to_right,0.007582914589886158,-0.035625845569488064,0.05254689307637631,4,,,False
045UAAJ5J7_Myo,minimum_cut_value_left_to_right,0.5546087887510877,0.5371789307541969,0.5699314147915402,4,slope,,False
045UAAJ5J7_Myo,maximum_flow_value_left_to_right,0.5546087887510877,0.5371789307541969,0.5699314147915402,4,slope,,False
045UAAJ5J7_Myo,shortest_path_length_left_to_right,,,,4,slope,,False
045UAAJ5J7_Myo,minimum_cut_value_left_to_right,0.41887232627413185,0.44472283299539256,0.3781495409766699,4,angle,,False
045UAAJ5J7_Myo,maximum_flow_value_left_to_right,0.41887232627413185,0.44472283299539256,0.3781495409766699,4,angle,,False
045UAAJ5J7_Myo,shortest_path_length_left_to_right,,,,4,angle,,False
045UAAJ5J7_Myo,minimum_cut_value_left_to_right,0.5305254712145593,0.5208549623490583,0.5401013358489906,4,v_distance,,False
045UAAJ5J7_Myo,maximum_flow_value_left_to_right,0.5305254712145593,0.5208549623490583,0.5401013358489906,4,v_distance,,False
045UAAJ5J7_Myo,shortest_path_length_left_to_right,,,,4,v_distance,,False
04FCFG42Y4_Myo,minimum_cut_value_left_to_right,-0.010879710751909247,-0.06558339068420188,0.10495267296513411,4,,,False
04FCFG42Y4_Myo,maximum_flow_value_left_to_right,-0.010879710751909247,-0.06558339068420188,0.10495267296513411,4,,,False
04FCFG42Y4_Myo,shortest_path_length_left_to_right,-0.003047465186810602,0.02126580916507139,-0.009627719431035152,4,,,False
04FCFG42Y4_Myo,minimum_cut_value_left_to_right,0.5271128686796893,0.43814908531433616,0.5844498812586653,4,slope,,False
04FCFG42Y4_Myo,maximum_flow_value_left_to_right,0.5271128686796893,0.43814908531433616,0.5844498812586653,4,slope,,False
04FCFG42Y4_Myo,shortest_path_length_left_to_right,,,,4,slope,,False
04FCFG42Y4_Myo,minimum_cut_value_left_to_right,0.4753433392633567,0.3391368999373631,0.5042677146862934,4,angle,,False
04FCFG42Y4_Myo,maximum_flow_value_left_to_right,0.4753433392633567,0.3391368999373631,0.5042677146862934,4,angle,,False
04FCFG42Y4_Myo,shortest_path_length_left_to_right,,,,4,angle,,False
04FCFG42Y4_Myo,minimum_cut_value_left_to_right,0.49488624600143066,0.4254274296081211,0.5361924987513295,4,v_distance,,False
04FCFG42Y4_Myo,maximum_flow_value_left_to_right,0.49488624600143066,0.4254274296081211,0.5361924987513295,4,v_distance,,False
04FCFG42Y4_Myo,shortest_path_length_left_to_right,,,,4,v_distance,,False
05IYOVJUVJ_Myo,minimum_cut_value_left_to_right,-0.0020328859874124408,-0.04001459693759594,0.07841999486846529,4,,,False
05IYOVJUVJ_Myo,maximum_flow_value_left_to_right,-0.0020328859874124408,-0.04001459693759594,0.07841999486846529,4,,,False
05IYOVJUVJ_Myo,shortest_path_length_left_to_right,0.002391235949061848,0.02372638693819971,-0.0007565887605689005,4,,,False
05IYOVJUVJ_Myo,minimum_cut_value_left_to_right,0.6111462633977546,0.532420360560861,0.7263847653863796,4,slope,,False
05IYOVJUVJ_Myo,maximum_flow_value_left_to_right,0.6111462633977546,0.532420360560861,0.7263847653863796,4,slope,,False
05IYOVJUVJ_Myo,shortest_path_length_left_to_right,,,,4,slope,,False
05IYOVJUVJ_Myo,minimum_cut_value_left_to_right,0.3550461704359927,0.2945810460908398,0.3624739919520233,4,angle,,False
05IYOVJUVJ_Myo,maximum_flow_value_left_to_right,0.3550461704359927,0.2945810460908398,0.3624739919520233,4,angle,,False
05IYOVJUVJ_Myo,shortest_path_length_left_to_right,,,,4,angle,,False
05IYOVJUVJ_Myo,minimum_cut_value_left_to_right,0.5993243357947001,0.5276013520113225,0.717883749160669,4,v_distance,,False
05IYOVJUVJ_Myo,maximum_flow_value_left_to_right,0.5993243357947001,0.5276013520113225,0.717883749160669,4,v_distance,,False
05IYOVJUVJ_Myo,shortest_path_length_left_to_right,,,,4,v_distance,,False
05XRGX2RI1_Myo,minimum_cut_value_left_to_right,0.031021818240835296,-0.07986485871111804,0.15577063446223174,4,,,False
05XRGX2RI1_Myo,maximum_flow_value_left_to_right,0.031021818240835296,-0.07986485871111804,0.15577063446223174,4,,,False
05XRGX2RI1_Myo,shortest_path_length_left_to_right,-0.015104887736101028,0.019170870879478673,-0.01219314072407782,4,,,False
05XRGX2RI1_Myo,minimum_cut_value_left_to_right,0.597726411392626,0.44130473545081583,0.6876308818526807,4,slope,,False
05XRGX2RI1_Myo,maximum_flow_value_left_to_right,0.597726411392626,0.44130473545081583,0.6876308818526807,4,slope,,False
05XRGX2RI1_Myo,shortest_path_length_left_to_right,,,,4,slope,,False
05XRGX2RI1_Myo,minimum_cut_value_left_to_right,0.5478315221832263,0.42402003155716306,0.5145936094635523,4,angle,,False
05XRGX2RI1_Myo,maximum_flow_value_left_to_right,0.5478315221832263,0.42402003155716306,0.5145936094635523,4,angle,,False
05XRGX2RI1_Myo,shortest_path_length_left_to_right,,,,4,angle,,False
05XRGX2RI1_Myo,minimum_cut_value_left_to_right,0.5731703621674281,0.4306974758779107,0.666083922656623,4,v_distance,,False
05XRGX2RI1_Myo,maximum_flow_value_left_to_right,0.5731703621674281,0.4306974758779107,0.666083922656623,4,v_distance,,False
05XRGX2RI1_Myo,shortest_path_length_left_to_right,,,,4,v_distance,,False
05ZMDBZ8D8_-,minimum_cut_value_left_to_right,-0.010540099204487759,-0.0005706363538833669,0.0406957073969936,4,,,False
05ZMDBZ8D8_-,maximum_flow_value_left_to_right,-0.010540099204487759,-0.0005706363538833669,0.0406957073969936,4,,,False
05ZMDBZ8D8_-,shortest_path_length_left_to_right,0.006663114845171985,-0.0012086520053540119,0.024542858083617464,4,,,False
05ZMDBZ8D8_-,minimum_cut_value_left_to_right,0.5284702112874222,0.5631233338077025,0.49519025195083155,4,slope,,False
05ZMDBZ8D8_-,maximum_flow_value_left_to_right,0.5284702112874222,0.5631233338077025,0.49519025195083155,4,slope,,False
05ZMDBZ8D8_-,shortest_path_length_left_to_right,,,,4,slope,,False
05ZMDBZ8D8_-,minimum_cut_value_left_to_right,0.44485014798754663,0.40505843443805273,0.43414801709545964,4,angle,,False
05ZMDBZ8D8_-,maximum_flow_value_left_to_right,0.44485014798754663,0.40505843443805273,0.43414801709545964,4,angle,,False
05ZMDBZ8D8_-,shortest_path_length_left_to_right,,,,4,angle,,False
05ZMDBZ8D8_-,minimum_cut_value_left_to_right,0.49474780868747753,0.5496260055827714,0.44405755203364194,4,v_distance,,False
05ZMDBZ8D8_-,maximum_flow_value_left_to_right,0.49474780868747753,0.5496260055827714,0.44405755203364194,4,v_distance,,False
05ZMDBZ8D8_-,shortest_path_length_left_to_right,,,,4,v_distance,,False
0A9Y9KRUR2_-,minimum_cut_value_left_to_right,0.027597169391013903,-0.14249324958186782,0.11909161478459016,4,,,False
0A9Y9KRUR2_-,maximum_flow_value_left_to_right,0.027597169391013903,-0.14249324958186782,0.11909161478459016,4,,,False
0A9Y9KRUR2_-,shortest_path_length_left_to_right,0.017631487380915342,-0.0044267509967082,0.020302641537962858,4,,,False
0A9Y9KRUR2_-,minimum_cut_value_left_to_right,0.3991502769125581,0.34014579378026794,0.43906955014760485,4,slope,,False
0A9Y9KRUR2_-,maximum_flow_value_left_to_right,0.3991502769125581,0.34014579378026794,0.43906955014760485,4,slope,,False
0A9Y9KRUR2_-,shortest_path_length_left_to_right,,,,4,slope,,False
0A9Y9KRUR2_-,minimum_cut_value_left_to_right,0.4318532774162426,0.3568939217627651,0.49344171518272784,4,angle,,False
0A9Y9KRUR2_-,maximum_flow_value_left_to_right,0.4318532774162426,0.3568939217627651,0.49344171518272784,4,angle,,False
0A9Y9KRUR2_-,shortest_path_length_left_to_right,,,,4,angle,,False
0A9Y9KRUR2_-,minimum_cut_value_left_to_right,0.3792392024569051,0.33430382296020783,0.41253339829928326,4,v_distance,,False
0A9Y9KRUR2_-,maximum_flow_value_left_to_right,0.3792392024569051,0.33430382296020783,0.41253339829928326,4,v_distance,,False
0A9Y9KRUR2_-,shortest_path_length_left_to_right,,,,4,v_distance,,False
0B4WQ978DC_-,minimum_cut_value_left_to_right,-0.011720822477254169,-0.007129551171230926,0.00756026329910678,4,,,False
0B4WQ978DC_-,maximum_flow_value_left_to_right,-0.011720822477254169,-0.007129551171230926,0.00756026329910678,4,,,False
0B4WQ978DC_-,shortest_path_length_left_to_right,0.004496519961554256,-0.02208868013461241,0.05359125641886543,4,,,False
0B4WQ978DC_-,minimum_cut_value_left_to_right,0.42648745090345835,0.38494112066982955,0.4588295720192871,4,slope,,False
0B4WQ978DC_-,maximum_flow_value_left_to_right,0.42648745090345835,0.38494112066982955,0.4588295720192871,4,slope,,False
0B4WQ978DC_-,shortest_path_length_left_to_right,,,,4,slope,,False
0B4WQ978DC_-,minimum_cut_value_left_to_right,0.2944825443724335,0.28824595448374873,0.24994800632559303,4,angle,,False
0B4WQ978DC_-,maximum_flow_value_left_to_right,0.2944825443724335,0.28824595448374873,0.24994800632559303,4,angle,,False
0B4WQ978DC_-,shortest_path_length_left_to_right,,,,4,angle,,False
0B4WQ978DC_-,minimum_cut_value_left_to_right,0.4083271295519928,0.37567136280452834,0.44416931939914495,4,v_distance,,False
0B4WQ978DC_-,maximum_flow_value_left_to_right,0.4083271295519928,0.37567136280452834,0.44416931939914495,4,v_distance,,False
0B4WQ978DC_-,shortest_path_length_left_to_right,,,,4,v_distance,,False
0BV541IT0J_-,minimum_cut_value_left_to_right,0.03765991083698079,-0.023814017530575472,0.14003918675563098,4,,,False
0BV541IT0J_-,maximum_flow_value_left_to_right,0.03765991083698079,-0.023814017530575472,0.14003918675563098,4,,,False
0BV541IT0J_-,shortest_path_length_left_to_right,-0.002518104451821844,0.05200273924958868,-0.04533212901438945,4,,,False
0BV541IT0J_-,minimum_cut_value_left_to_right,0.595680912545741,0.37769252315657714,0.697148893144854,4,slope,,False
0BV541IT0J_-,maximum_flow_value_left_to_right,0.595680912545741,0.37769252315657714,0.697148893144854,4,slope,,False
0BV541IT0J_-,shortest_path_length_left_to_right,,,,4,slope,,False
0BV541IT0J_-,minimum_cut_value_left_to_right,0.599883495782035,0.4147656224379859,0.5765830609908399,4,angle,,False
0BV541IT0J_-,maximum_flow_value_left_to_right,0.599883495782035,0.4147656224379859,0.5765830609908399,4,angle,,False
0BV541IT0J_-,shortest_path_length_left_to_right,,,,4,angle,,False
0BV541IT0J_-,minimum_cut_value_left_to_right,0.5573893581233099,0.36700411746265577,0.648076075388781,4,v_distance,,False
0BV541IT0J_-,maximum_flow_value_left_to_right,0.5573893581233099,0.36700411746265577,0.648076075388781,4,v_distance,,False
0BV541IT0J_-,shortest_path_length_left_to_right,,,,4,v_distance,,False
0DX3GQVDAM_Myo,minimum_cut_value_left_to_right,-0.017099781715487435,-0.09725633801027897,0.13054498459341027,4,,,False
0DX3GQVDAM_Myo,maximum_flow_value_left_to_right,-0.017099781715487435,-0.09725633801027897,0.13054498459341027,4,,,False
0DX3GQVDAM_Myo,shortest_path_length_left_to_right,0.02259349223396678,0.05917795884887758,-0.017437118665468314,4,,,False
0DX3GQVDAM_Myo,minimum_cut_value_left_to_right,0.49979645624148306,0.4036998347543255,0.5598777424491291,4,slope,,False
0DX3GQVDAM_Myo,maximum_flow_value_left_to_right,0.49979645624148306,0.4036998347543255,0.5598777424491291,4,slope,,False
0DX3GQVDAM_Myo,shortest_path_length_left_to_right,,,,4,slope,,False
0DX3GQVDAM_Myo,minimum_cut_value_left_to_right,0.4200173125894233,0.2908502977150563,0.42919296911581806,4,angle,,False
0DX3GQVDAM_Myo,maximum_flow_value_left_to_right,0.4200173125894233,0.2908502977150563,0.42919296911581806,4,angle,,False
0DX3GQVDAM_Myo,shortest_path_length_left_to_right,,,,4,angle,,False
0DX3GQVDAM_Myo,minimum_cut_value_left_to_right,0.4785265475652998,0.3951076848245643,0.5385441266435115,4,v_distance,,False
0DX3GQVDAM_Myo,maximum_flow_value_left_to_right,0.4785265475652998,0.3951076848245643,0.5385441266435115,4,v_distance,,False
0DX3GQVDAM_Myo,shortest_path_length_left_to_right,,,,4,v_distance,,False
0ETZCT1E6D_Myo,minimum_cut_value_left_to_right,0.0026082283598101593,-0.045259757611567,0.1272498313140908,4,,,False
0ETZCT1E6D_Myo,maximum_flow_value_left_to_right,0.0026082283598101593,-0.045259757611567,0.1272498313140908,4,,,False
0ETZCT1E6D_Myo,shortest_path_length_left_to_right,0.00817306755588797,0.04694782720712429,-0.0035469255745794823,4,,,False
0ETZCT1E6D_Myo,minimum_cut_value_left_to_right,0.5288459559046984,0.33002692921455035,0.6377024148066415,4,slope,,False
0ETZCT1E6D_Myo,maximum_flow_value_left_to_right,0.5288459559046984,0.33002692921455035,0.6377024148066415,4,slope,,False
0ETZCT1E6D_Myo,shortest_path_length_left_to_right,,,,4,slope,,False
0ETZCT1E6D_Myo,minimum_cut_value_left_to_right,0.5383940485453714,0.3604859705225258,0.572556664427344,4,angle,,False
0ETZCT1E6D_Myo,maximum_flow_value_left_to_right,0.5383940485453714,0.3604859705225258,0.572556664427344,4,angle,,False
0ETZCT1E6D_Myo,shortest_path_length_left_to_right,,,,4,angle,,False
0ETZCT1E6D_Myo,minimum_cut_value_left_to_right,0.486742656289546,0.318355144467776,0.5732213340044346,4,v_distance,,False
0ETZCT1E6D_Myo,maximum_flow_value_left_to_right,0.486742656289546,0.318355144467776,0.5732213340044346,4,v_distance,,False
0ETZCT1E6D_Myo,shortest_path_length_left_to_right,,,,4,v_distance,,False
0FBIQ4IN69_Myo,minimum_cut_value_left_to_right,0.009400208544298157,-0.02635650332139959,0.014900808059052839,4,,,False
0FBIQ4IN69_Myo,maximum_flow_value_left_to_right,0.009400208544298157,-0.02635650332139959,0.014900808059052839,4,,,False
0FBIQ4IN69_Myo,shortest_path_length_left_to_right,-0.005602219808254739,0.03259097898077656,-0.008940631475707967,4,,,False
0FBIQ4IN69_Myo,minimum_cut_value_left_to_right,0.9999927685141871,0.11149470692714548,0.9999996509825081,4,slope,,False
0FBIQ4IN69_Myo,maximum_flow_value_left_to_right,0.9999927685141871,0.11149470692714548,0.9999996509825081,4,slope,,False
0FBIQ4IN69_Myo,shortest_path_length_left_to_right,,,,4,slope,,False
0FBIQ4IN69_Myo,minimum_cut_value_left_to_right,0.01855775351667841,0.11858462474435477,0.017837213717923156,4,angle,,False
0FBIQ4IN69_Myo,maximum_flow_value_left_to_right,0.01855775351667841,0.11858462474435477,0.017837213717923156,4,angle,,False
0FBIQ4IN69_Myo,shortest_path_length_left_to_right,,,,4,angle,,False
0FBIQ4IN69_Myo,minimum_cut_value_left_to_right,0.9999926387077073,0.10522180389676926,0.9999996717984825,4,v_distance,,False
0FBIQ4IN69_Myo,maximum_flow_value_left_to_right,0.9999926387077073,0.10522180389676926,0.9999996717984825,4,v_distance,,False
0FBIQ4IN69_Myo,shortest_path_length_left_to_right,,,,4,v_distance,,False
0FI3XY0LT6_Myo,minimum_cut_value_left_to_right,-0.002515314102826883,0.00293609561843436,0.058538263633530596,4,,,False
0FI3XY0LT6_Myo,maximum_flow_value_left_to_right,-0.002515314102826883,0.00293609561843436,0.058538263633530596,4,,,False
0FI3XY0LT6_Myo,shortest_path_length_left_to_right,-0.0016338532411862242,0.02554626716822182,0.02581378022319201,4,,,False
0FI3XY0LT6_Myo,minimum_cut_value_left_to_right,0.5531131687438496,0.5050919294561108,0.6642012429058104,4,slope,,False
0FI3XY0LT6_Myo,maximum_flow_value_left_to_right,0.5531131687438496,0.5050919294561108,0.6642012429058104,4,slope,,False
0FI3XY0LT6_Myo,shortest_path_length_left_to_right,,,,4,slope,,False
0FI3XY0LT6_Myo,minimum_cut_value_left_to_right,0.3855391370634486,0.307302599140792,0.4219391735243692,4,angle,,False
0FI3XY0LT6_Myo,maximum_flow_value_left_to_right,0.3855391370634486,0.307302599140792,0.4219391735243692,4,angle,,False
0FI3XY0LT6_Myo,shortest_path_length_left_to_right,,,,4,angle,,False
0FI3XY0LT6_Myo,minimum_cut_value_left_to_right,0.5286398455267067,0.49363294048023726,0.6389060182828968,4,v_distance,,False
0FI3XY0LT6_Myo,maximum_flow_value_left_to_right,0.5286398455267067,0.49363294048023726,0.6389060182828968,4,v_distance,,False
0FI3XY0LT6_Myo,shortest_path_length_left_to_right,,,,4,v_distance,,False
0FWEGNB7SY_Myo,minimum_cut_value_left_to_right,-0.026173357762312263,-0.07721396407425328,0.08856590456907654,4,,,False
0FWEGNB7SY_Myo,maximum_flow_value_left_to_right,-0.026173357762312263,-0.07721396407425328,0.08856590456907654,4,,,False
0FWEGNB7SY_Myo,shortest_path_length_left_to_right,0.005277659963651458,0.03807045609306115,-0.011413690019910005,4,,,False
0FWEGNB7SY_Myo,minimum_cut_value_left_to_right,0.3931497315548392,0.3009330194751266,0.45023549094952847,4,slope,,False
0FWEGNB7SY_Myo,maximum_flow_value_left_to_right,0.3931497315548392,0.3009330194751266,0.45023549094952847,4,slope,,False
0FWEGNB7SY_Myo,shortest_path_length_left_to_right,,,,4,slope,,False
0FWEGNB7SY_Myo,minimum_cut_value_left_to_right,0.391261057996754,0.3120947914420106,0.4125296350766915,4,angle,,False
0FWEGNB7SY_Myo,maximum_flow_value_left_to_right,0.391261057996754,0.3120947914420106,0.4125296350766915,4,angle,,False
0FWEGNB7SY_Myo,shortest_path_length_left_to_right,,,,4,angle,,False
0FWEGNB7SY_Myo,minimum_cut_value_left_to_right,0.367115885419638,0.28517403330561336,0.41370937254620255,4,v_distance,,False
0FWEGNB7SY_Myo,maximum_flow_value_left_to_right,0.367115885419638,0.28517403330561336,0.41370937254620255,4,v_distance,,False
0FWEGNB7SY_Myo,shortest_path_length_left_to_right,,,,4,v_distance,,False
0I9YRXVWHZ_Myo,minimum_cut_value_left_to_right,-0.013041666870301921,-0.00524638557655902,0.042651820294226324,4,,,False
0I9YRXVWHZ_Myo,maximum_flow_value_left_to_right,-0.013041666870301921,-0.00524638557655902,0.042651820294226324,4,,,False
0I9YRXVWHZ_Myo,shortest_path_length_left_to_right,0.006460796280517427,0.008861227440653336,0.009012125987240806,4,,,False
0I9YRXVWHZ_Myo,minimum_cut_value_left_to_right,0.5144581056045617,0.4589454495216166,0.5500513425441854,4,slope,,False
0I9YRXVWHZ_Myo,maximum_flow_value_left_to_right,0.5144581056045617,0.4589454495216166,0.5500513425441854,4,slope,,False
0I9YRXVWHZ_Myo,shortest_path_length_left_to_right,,,,4,slope,,False
0I9YRXVWHZ_Myo,minimum_cut_value_left_to_right,0.4862808484260826,0.4243945085305239,0.460795819276527,4,angle,,False
0I9YRXVWHZ_Myo,maximum_flow_value_left_to_right,0.4862808484260826,0.4243945085305239,0.460795819276527,4,angle,,False
0I9YRXVWHZ_Myo,shortest_path_length_left_to_right,,,,4,angle,,False
0I9YRXVWHZ_Myo,minimum_cut_value_left_to_right,0.47794938531798475,0.4455160878495773,0.502496270689607,4,v_distance,,False
0I9YRXVWHZ_Myo,maximum_flow_value_left_to_right,0.47794938531798475,0.4455160878495773,0.502496270689607,4,v_distance,,False
0I9YRXVWHZ_Myo,shortest_path_length_left_to_right,,,,4,v_distance,,False
0J731MFDM8_Myo,minimum_cut_value_left_to_right,0.034639160357353115,-0.07235222630476655,0.1460979197123943,4,,,False
0J731MFDM8_Myo,maximum_flow_value_left_to_right,0.034639160357353115,-0.07235222630476655,0.1460979197123943,4,,,False
0J731MFDM8_Myo,shortest_path_length_left_to_right,-0.006632795417732818,0.043359109535535074,-0.03729767137090961,4,,,False
0J731MFDM8_Myo,minimum_cut_value_left_to_right,0.6000884222815102,0.45533079459155484,0.6671073276797731,4,slope,,False
0J731MFDM8_Myo,maximum_flow_value_left_to_right,0.6000884222815102,0.45533079459155484,0.6671073276797731,4,slope,,False
0J731MFDM8_Myo,shortest_path_length_left_to_right,,,,4,slope,,False
0J731MFDM8_Myo,minimum_cut_value_left_to_right,0.5774541182876023,0.40964425694686407,0.5453086969627248,4,angle,,False
0J731MFDM8_Myo,maximum_flow_value_left_to_right,0.5774541182876023,0.40964425694686407,0.5453086969627248,4,angle,,False
0J731MFDM8_Myo,shortest_path_length_left_to_right,,,,4,angle,,False
0J731MFDM8_Myo,minimum_cut_value_left_to_right,0.573503541537606,0.44094369211822376,0.6328918029100664,4,v_distance,,False
0J731MFDM8_Myo,maximum_flow_value_left_to_right,0.573503541537606,0.44094369211822376,0.6328918029100664,4,v_distance,,False
0J731MFDM8_Myo,shortest_path_length_left_to_right,,,,4,v_distance,,False
0JL1F1Y9VP_Myo,minimum_cut_value_left_to_right,-0.021209359067511344,-0.06479917333690283,0.08411832924214714,4,,,False
0JL1F1Y9VP_Myo,maximum_flow_value_left_to_right,-0.021209359067511344,-0.06479917333690283,0.08411832924214714,4,,,False
0JL1F1Y9VP_Myo,shortest_path_length_left_to_right,-0.01588314951174586,-0.008162569949714543,-0.012878488360788922,4,,,False
0JL1F1Y9VP_Myo,minimum_cut_value_left_to_right,0.34699631814192106,0.2997610406173163,0.37907705003655934,4,slope,,False
0JL1F1Y9VP_Myo,maximum_flow_value_left_to_right,0.34699631814192106,0.2997610406173163,0.37907705003655934,4,slope,,False
0JL1F1Y9VP_Myo,shortest_path_length_left_to_right,,,,4,slope,,False
0JL1F1Y9VP_Myo,minimum_cut_value_left_to_right,0.33753917507266423,0.2972693397403493,0.34002196928479594,4,angle,,False
0JL1F1Y9VP_Myo,maximum_flow_value_left_to_right,0.33753917507266423,0.2972693397403493,0.34002196928479594,4,angle,,False
0JL1F1Y9VP_Myo,shortest_path_length_left_to_right,,,,4,angle,,False
0JL1F1Y9VP_Myo,minimum_cut_value_left_to_right,0.32558576698012015,0.2858929537346449,0.3569918049639573,4,v_distance,,False
0JL1F1Y9VP_Myo,maximum_flow_value_left_to_right,0.32558576698012015,0.2858929537346449,0.3569918049639573,4,v_distance,,False
0JL1F1Y9VP_Myo,shortest_path_length_left_to_right,,,,4,v_distance,,False
0JOXYAMUVU_Myo,minimum_cut_value_left_to_right,0.0014768476706045143,0.00035788323044083566,0.03718202905946151,4,,,False
0JOXYAMUVU_Myo,maximum_flow_value_left_to_right,0.0014768476706045143,0.00035788323044083566,0.03718202905946151,4,,,False
0JOXYAMUVU_Myo,shortest_path_length_left_to_right,-0.0034687241457935815,-0.003421350477411862,-0.0021114348978287156,4,,,False
0JOXYAMUVU_Myo,minimum_cut_value_left_to_right,0.994484558649622,0.9975178577016977,0.27190789601394216,4,slope,,False
0JOXYAMUVU_Myo,maximum_flow_value_left_to_right,0.994484558649622,0.9975178577016977,0.27190789601394216,4,slope,,False
0JOXYAMUVU_Myo,shortest_path_length_left_to_right,,,,4,slope,,False
0JOXYAMUVU_Myo,minimum_cut_value_left_to_right,0.04725423582709039,0.05616755213413014,0.24567829252443227,4,angle,,False
0JOXYAMUVU_Myo,maximum_flow_value_left_to_right,0.04725423582709039,0.05616755213413014,0.24567829252443227,4,angle,,False
0JOXYAMUVU_Myo,shortest_path_length_left_to_right,,,,4,angle,,False
0JOXYAMUVU_Myo,minimum_cut_value_left_to_right,0.9943813061895584,0.9975029174876817,0.24318667295182955,4,v_distance,,False
0JOXYAMUVU_Myo,maximum_flow_value_left_to_right,0.9943813061895584,0.9975029174876817,0.24318667295182955,4,v_distance,,False
0JOXYAMUVU_Myo,shortest_path_length_left_to_right,,,,4,v_distance,,False
0M1V4JTWL8_Myo,minimum_cut_value_left_to_right,0.0520014098738506,-0.06206804920665948,0.27251337237111034,4,,,False
0M1V4JTWL8_Myo,maximum_flow_value_left_to_right,0.0520014098738506,-0.06206804920665948,0.27251337237111034,4,,,False
0M1V4JTWL8_Myo,shortest_path_length_left_to_right,-0.05646027352322903,-0.02239815783716694,-0.09122011867684185,4,,,False
0M1V4JTWL8_Myo,minimum_cut_value_left_to_right,0.4751609111277101,0.380516487424674,0.5750226924773625,4,slope,,False
0M1V4JTWL8_Myo,maximum_flow_value_left_to_right,0.4751609111277101,0.380516487424674,0.5750226924773625,4,slope,,False
0M1V4JTWL8_Myo,shortest_path_length_left_to_right,,,,4,slope,,False
0M1V4JTWL8_Myo,minimum_cut_value_left_to_right,0.44264378461787895,0.3620515552382412,0.4990043425958061,4,angle,,False
0M1V4JTWL8_Myo,maximum_flow_value_left_to_right,0.44264378461787895,0.3620515552382412,0.4990043425958061,4,angle,,False
0M1V4JTWL8_Myo,shortest_path_length_left_to_right,,,,4,angle,,False
0M1V4JTWL8_Myo,minimum_cut_value_left_to_right,0.4699283604118454,0.37731977719723814,0.5688582012129264,4,v_distance,,False
0M1V4JTWL8_Myo,maximum_flow_value_left_to_right,0.4699283604118454,0.37731977719723814,0.5688582012129264,4,v_distance,,False
0M1V4JTWL8_Myo,shortest_path_length_left_to_right,,,,4,v_distance,,False
0P21TAA273_Myo,minimum_cut_value_left_to_right,0.031951728418008675,-0.04751155877547754,0.16648030114922158,4,,,False
0P21TAA273_Myo,maximum_flow_value_left_to_right,0.031951728418008675,-0.04751155877547754,0.16648030114922158,4,,,False
0P21TAA273_Myo,shortest_path_length_left_to_right,-0.0025891735097603842,-0.020885588505479898,0.03319214009837671,4,,,False
0P21TAA273_Myo,minimum_cut_value_left_to_right,0.6936145293473651,0.7009296382440369,0.6833381373269045,4,slope,,False
0P21TAA273_Myo,maximum_flow_value_left_to_right,0.6936145293473651,0.7009296382440369,0.6833381373269045,4,slope,,False
0P21TAA273_Myo,shortest_path_length_left_to_right,,,,4,slope,,False
0P21TAA273_Myo,minimum_cut_value_left_to_right,0.5772302111636017,0.6457459469601897,0.5286568127924284,4,angle,,False
0P21TAA273_Myo,maximum_flow_value_left_to_right,0.5772302111636017,0.6457459469601897,0.5286568127924284,4,angle,,False
0P21TAA273_Myo,shortest_path_length_left_to_right,,,,4,angle,,False
0P21TAA273_Myo,minimum_cut_value_left_to_right,0.6903966921091031,0.7000030158682938,0.6773841044324954,4,v_distance,,False
0P21TAA273_Myo,maximum_flow_value_left_to_right,0.6903966921091031,0.7000030158682938,0.6773841044324954,4,v_distance,,False
0P21TAA273_Myo,shortest_path_length_left_to_right,,,,4,v_distance,,False
0QH2ZTM3BZ_Myo,minimum_cut_value_left_to_right,-0.0038966126661725315,-0.041603353777031664,0.030762438078145302,4,,,False
0QH2ZTM3BZ_Myo,maximum_flow_value_left_to_right,-0.0038966126661725315,-0.041603353777031664,0.030762438078145302,4,,,False
0QH2ZTM3BZ_Myo,shortest_path_length_left_to_right,0.03142544319373763,-0.03161714086252056,0.11670219853483592,4,,,False
0QH2ZTM3BZ_Myo,minimum_cut_value_left_to_right,0.43985877613284324,0.41269772911592717,0.4541243746359416,4,slope,,False
0QH2ZTM3BZ_Myo,maximum_flow_value_left_to_right,0.43985877613284324,0.41269772911592717,0.4541243746359416,4,slope,,False
0QH2ZTM3BZ_Myo,shortest_path_length_left_to_right,,,,4,slope,,False
0QH2ZTM3BZ_Myo,minimum_cut_value_left_to_right,0.3461570179224259,0.3564792404220282,0.3117712676744351,4,angle,,False
0QH2ZTM3BZ_Myo,maximum_flow_value_left_to_right,0.3461570179224259,0.3564792404220282,0.3117712676744351,4,angle,,False
0QH2ZTM3BZ_Myo,shortest_path_length_left_to_right,,,,4,angle,,False
0QH2ZTM3BZ_Myo,minimum_cut_value_left_to_right,0.41652494790706457,0.40093514973565775,0.4248810717099782,4,v_distance,,False
0QH2ZTM3BZ_Myo,maximum_flow_value_left_to_right,0.41652494790706457,0.40093514973565775,0.4248810717099782,4,v_distance,,False
0QH2ZTM3BZ_Myo,shortest_path_length_left_to_right,,,,4,v_distance,,False
0QT8YY8435_Myo,minimum_cut_value_left_to_right,-0.030420989671403297,-0.07834091722907585,0.08366918251533581,4,,,False
0QT8YY8435_Myo,maximum_flow_value_left_to_right,-0.030420989671403297,-0.07834091722907585,0.08366918251533581,4,,,False
0QT8YY8435_Myo,shortest_path_length_left_to_right,0.011130141563236554,0.029752570756619554,0.0003038838713951848,4,,,False
0QT8YY8435_Myo,minimum_cut_value_left_to_right,0.5151678386008168,0.36809897180763834,0.5871044695876334,4,slope,,False
0QT8YY8435_Myo,maximum_flow_value_left_to_right,0.5151678386008168,0.36809897180763834,0.5871044695876334,4,slope,,False
0QT8YY8435_Myo,shortest_path_length_left_to_right,,,,4,slope,,False
0QT8YY8435_Myo,minimum_cut_value_left_to_right,0.4675573744701598,0.3197479534454365,0.4612555061326875,4,angle,,False
0QT8YY8435_Myo,maximum_flow_value_left_to_right,0.4675573744701598,0.3197479534454365,0.4612555061326875,4,angle,,False
0QT8YY8435_Myo,shortest_path_length_left_to_right,,,,4,angle,,False
0QT8YY8435_Myo,minimum_cut_value_left_to_right,0.46796050507190806,0.35224692254531736,0.5296078998541864,4,v_distance,,False
0QT8YY8435_Myo,maximum_flow_value_left_to_right,0.46796050507190806,0.35224692254531736,0.5296078998541864,4,v_distance,,False
0QT8YY8435_Myo,shortest_path_length_left_to_right,,,,4,v_distance,,False
0STCSNJOVE_Myo,minimum_cut_value_left_to_right,0.007730184513830194,0.005401571534526551,0.035150174769203006,4,,,False
0STCSNJOVE_Myo,maximum_flow_value_left_to_right,0.007730184513830194,0.005401571534526551,0.035150174769203006,4,,,False
0STCSNJOVE_Myo,shortest_path_length_left_to_right,-0.0028798416503156635,-0.0037129853030965702,0.009877015762056985,4,,,False
0STCSNJOVE_Myo,minimum_cut_value_left_to_right,0.9729634935015747,0.982193244812003,0.39063114267032795,4,slope,,False
0STCSNJOVE_Myo,maximum_flow_value_left_to_right,0.9729634935015747,0.982193244812003,0.39063114267032795,4,slope,,False
0STCSNJOVE_Myo,shortest_path_length_left_to_right,,,,4,slope,,False
0STCSNJOVE_Myo,minimum_cut_value_left_to_right,0.0697833513509686,0.06210973638628748,0.2192988137555686,4,angle,,False
0STCSNJOVE_Myo,maximum_flow_value_left_to_right,0.0697833513509686,0.06210973638628748,0.2192988137555686,4,angle,,False
0STCSNJOVE_Myo,shortest_path_length_left_to_right,,,,4,angle,,False
0STCSNJOVE_Myo,minimum_cut_value_left_to_right,0.9752186403790793,0.9846362784520899,0.3820233246057054,4,v_distance,,False
0STCSNJOVE_Myo,maximum_flow_value_left_to_right,0.9752186403790793,0.9846362784520899,0.3820233246057054,4,v_distance,,False
0STCSNJOVE_Myo,shortest_path_length_left_to_right,,,,4,v_distance,,False
0T4IVO0MX1_Myo,minimum_cut_value_left_to_right,-0.04246519127874486,-0.07291424882071063,0.025688933116004467,4,,,False
0T4IVO0MX1_Myo,maximum_flow_value_left_to_right,-0.04246519127874486,-0.07291424882071063,0.025688933116004467,4,,,False
0T4IVO0MX1_Myo,shortest_path_length_left_to_right,0.004692452566021738,0.010805799496803672,0.06384635591617949,4,,,False
0T4IVO0MX1_Myo,minimum_cut_value_left_to_right,0.3810496882791572,0.4126043229091856,0.305708191609343,4,slope,,False
0T4IVO0MX1_Myo,maximum_flow_value_left_to_right,0.3810496882791572,0.4126043229091856,0.305708191609343,4,slope,,False
0T4IVO0MX1_Myo,shortest_path_length_left_to_right,,,,4,slope,,False
0T4IVO0MX1_Myo,minimum_cut_value_left_to_right,0.1869035931703132,0.18310363774916377,0.2039961543154815,4,angle,,False
0T4IVO0MX1_Myo,maximum_flow_value_left_to_right,0.1869035931703132,0.18310363774916377,0.2039961543154815,4,angle,,False
0T4IVO0MX1_Myo,shortest_path_length_left_to_right,,,,4,angle,,False
0T4IVO0MX1_Myo,minimum_cut_value_left_to_right,0.3782827968653497,0.41071094574187544,0.3003969457238526,4,v_distance,,False
0T4IVO0MX1_Myo,maximum_flow_value_left_to_right,0.3782827968653497,0.41071094574187544,0.3003969457238526,4,v_distance,,False
0T4IVO0MX1_Myo,shortest_path_length_left_to_right,,,,4,v_distance,,False
0T7DIWUQY2_Myo,minimum_cut_value_left_to_right,-0.021373734529874004,-0.048439501972825025,0.05997259810961208,4,,,False
0T7DIWUQY2_Myo,maximum_flow_value_left_to_right,-0.021373734529874004,-0.048439501972825025,0.05997259810961208,4,,,False
0T7DIWUQY2_Myo,shortest_path_length_left_to_right,-0.0005122553463183342,-0.0015184915639815339,0.012093759903437388,4,,,False
0T7DIWUQY2_Myo,minimum_cut_value_left_to_right,0.31867878833742846,0.24725160341922536,0.36212995208525295,4,slope,,False
0T7DIWUQY2_Myo,maximum_flow_value_left_to_right,0.31867878833742846,0.24725160341922536,0.36212995208525295,4,slope,,False
0T7DIWUQY2_Myo,shortest_path_length_left_to_right,,,,4,slope,,False
0T7DIWUQY2_Myo,minimum_cut_value_left_to_right,0.3102154055615374,0.2522203176340071,0.3131532119678557,4,angle,,False
0T7DIWUQY2_Myo,maximum_flow_value_left_to_right,0.3102154055615374,0.2522203176340071,0.3131532119678557,4,angle,,False
0T7DIWUQY2_Myo,shortest_path_length_left_to_right,,,,4,angle,,False
0T7DIWUQY2_Myo,minimum_cut_value_left_to_right,0.30192939633355304,0.23914390307627276,0.33982693598460706,4,v_distance,,False
0T7DIWUQY2_Myo,maximum_flow_value_left_to_right,0.30192939633355304,0.23914390307627276,0.33982693598460706,4,v_distance,,False
0T7DIWUQY2_Myo,shortest_path_length_left_to_right,,,,4,v_distance,,False
